{"cameraMode":{"drawMode":0,"name":"Shaded","section":"Shading Mode"},"sceneLighting":true,"audioPlay":false,"sceneViewState":{"m_AlwaysRefresh":false,"showFog":true,"showSkybox":true,"showFlares":true,"showImageEffects":true,"showParticleSystems":true,"showVisualEffectGraphs":true,"m_FxEnabled":true},"in2DMode":false,"pivot":{"x":-5.062857627868652,"y":32.7969970703125,"z":64.22610473632813},"rotation":{"x":-0.0023977726232260467,"y":-0.9491298198699951,"z":0.3159036338329315,"w":-0.007368968799710274},"size":2.5201499462127687,"orthographic":false}