{"cameraMode":{"drawMode":0,"name":"Shaded","section":"Shading Mode"},"sceneLighting":true,"audioPlay":false,"sceneViewState":{"m_AlwaysRefresh":false,"showFog":true,"showSkybox":true,"showFlares":true,"showImageEffects":true,"showParticleSystems":true,"showVisualEffectGraphs":true,"m_FxEnabled":true},"in2DMode":false,"pivot":{"x":1.4770698547363282,"y":-21.971790313720704,"z":15.041213989257813},"rotation":{"x":0.2838817834854126,"y":-0.6002842783927918,"z":0.24067407846450807,"w":0.7080607414245606},"size":40.91817855834961,"orthographic":false}