{"cameraMode":{"drawMode":0,"name":"Shaded","section":"Shading Mode"},"sceneLighting":true,"audioPlay":false,"sceneViewState":{"m_AlwaysRefresh":false,"showFog":true,"showSkybox":true,"showFlares":true,"showImageEffects":true,"showParticleSystems":true,"showVisualEffectGraphs":true,"m_FxEnabled":true},"in2DMode":false,"pivot":{"x":10.747318267822266,"y":-400.2248229980469,"z":470.9476013183594},"rotation":{"x":-0.34277352690696719,"y":-0.008179676719009877,"z":0.002894163131713867,"w":-0.939588725566864},"size":371.74713134765627,"orthographic":false}