{"cameraMode":{"drawMode":0,"name":"Shaded","section":"Shading Mode"},"sceneLighting":true,"audioPlay":false,"sceneViewState":{"m_AlwaysRefresh":false,"showFog":true,"showSkybox":true,"showFlares":true,"showImageEffects":true,"showParticleSystems":true,"showVisualEffectGraphs":true,"m_FxEnabled":true},"in2DMode":false,"pivot":{"x":-25.58394432067871,"y":-82.23847198486328,"z":-107.27664184570313},"rotation":{"x":0.030507773160934449,"y":-0.9323104619979858,"z":0.35275617241859438,"w":0.0779305249452591},"size":127.02691650390625,"orthographic":false}