{"cameraMode":{"drawMode":0,"name":"Shaded","section":"Shading Mode"},"sceneLighting":true,"audioPlay":false,"sceneViewState":{"m_AlwaysRefresh":false,"showFog":true,"showSkybox":true,"showFlares":true,"showImageEffects":true,"showParticleSystems":true,"showVisualEffectGraphs":true,"m_FxEnabled":true},"in2DMode":false,"pivot":{"x":3.069448947906494,"y":2.8720431327819826,"z":0.44634225964546206},"rotation":{"x":-0.2690754532814026,"y":0.6342307329177856,"z":-0.25098326802253725,"w":-0.6799893975257874},"size":0.6073950529098511,"orthographic":false}