{"cameraMode":{"drawMode":0,"name":"Shaded","section":"Shading Mode"},"sceneLighting":false,"audioPlay":false,"sceneViewState":{"m_AlwaysRefresh":false,"showFog":true,"showSkybox":false,"showFlares":true,"showImageEffects":true,"showParticleSystems":true,"showVisualEffectGraphs":true,"m_FxEnabled":true},"in2DMode":false,"pivot":{"x":3.0529518127441408,"y":10.230846405029297,"z":1.5919415950775147},"rotation":{"x":-0.3540843427181244,"y":0.6007969379425049,"z":-0.33604514598846438,"w":-0.6329879760742188},"size":1.6812922954559327,"orthographic":false}